{"cameraMode":{"drawMode":0,"name":"Shaded","section":"Shading Mode"},"sceneLighting":true,"audioPlay":false,"sceneViewState":{"m_AlwaysRefresh":false,"showFog":true,"showSkybox":true,"showFlares":true,"showImageEffects":true,"showParticleSystems":true,"showVisualEffectGraphs":true,"m_FxEnabled":true},"in2DMode":false,"pivot":{"x":0.07309496402740479,"y":-3.038430690765381,"z":11.638785362243653},"rotation":{"x":0.07857905328273773,"y":0.07190500944852829,"z":-0.006444942206144333,"w":0.9944348335266113},"size":15.86694622039795,"orthographic":false}